category,size_bytes,blob_sha,recommendation,path
"backup","470","b1ad60b9020c6d54b1ccfc64d8772008cd42b116","Archivo .bak en el árbol activo. No eliminar en Fase 1; validar referencias/historial primero","backend/agents/AGENTS/branding_agent/output_structure.md.bak_20260518_144945"
"backup","67","7ed5c787da468fb80234976ff6ed160ae923a4d2","Archivo .bak en el árbol activo. No eliminar en Fase 1; validar referencias/historial primero","backend/agents/AGENTS/branding_agent/prompts.md.bak_20260518_144945"
"backup","5833","1f3741f7bd9509f736f8d0328405126b48f6aed6","Archivo .bak en el árbol activo. No eliminar en Fase 1; validar referencias/historial primero","backend/ai_provider.py.bak_20260518_154259"
"legacy","157","1aa7b08bebd4d8e96d7c03dc95465ee35c7a1b00","Ubicación legacy explícita. No eliminar en Fase 1; validar referencias/historial primero","scripts/legacy/agents_py/branding_agent.py"
"legacy","169","b748edc0f22542054342f61ae2b4671dd0d21173","Ubicación legacy explícita. No eliminar en Fase 1; validar referencias/historial primero","scripts/legacy/agents_py/cinematic_agent.py"
"legacy","154","3a65ada719988f5175ce8a19fbe480c833c0083b","Ubicación legacy explícita. No eliminar en Fase 1; validar referencias/historial primero","scripts/legacy/agents_py/psychology_agent.py"
"legacy","138","82218f4485cdb6ec9a1d59d6101922cb6d78ac4b","Ubicación legacy explícita. No eliminar en Fase 1; validar referencias/historial primero","scripts/legacy/agents_py/strategy_agent.py"
"legacy","2891","f90339d8f765fa2c69d9a341959a8ddb9fff5720","Ubicación legacy explícita. No eliminar en Fase 1; validar referencias/historial primero","scripts/legacy/frontend/App.css"
"legacy","9996","6ae1ee41bf48f7947872710d33b361fd52738b3f","Ubicación legacy explícita. No eliminar en Fase 1; validar referencias/historial primero","scripts/legacy/frontend/fas11.py"
"legacy","0","e69de29bb2d1d6434b8b29ae775ad8c2e48c5391","Ubicación legacy explícita. No eliminar en Fase 1; validar referencias/historial primero","scripts/legacy/frontend/loyout.empty"
"legacy","6740","880949c2ff30bc981404235ef3c8e3986e19b513","Ubicación legacy explícita. No eliminar en Fase 1; validar referencias/historial primero","scripts/legacy/frontend/script3.py"
"old-build","332318","3c4198713d86c38fe287377babdfc3106243d06f","Bundle histórico además del bundle actualmente referenciado. No eliminar en Fase 1; validar referencias/historial primero","viptour-buzios/public/assets/index-BQkhn5gp.js"
"old-build","332343","2cae0b7cd76658f1f69cc94ee2a6559639a7fb5f","Bundle histórico además del bundle actualmente referenciado. No eliminar en Fase 1; validar referencias/historial primero","viptour-buzios/public/assets/index-DO5_Ummf.js"
"backup","19202","3aefd8d8693a1802dbeefd9e9a96cab6548b4b73","Archivo _BACKUP en el árbol activo. No eliminar en Fase 1; validar referencias/historial primero","viptour-buzios/public/qubit/app_BACKUP.js"
"backup","1570","69026a4ed6272c62a8761659334525d5f52866ae","Archivo _BACKUP en el árbol activo. No eliminar en Fase 1; validar referencias/historial primero","viptour-buzios/public/qubit/index_BACKUP.html"
"backup","3868","710543f5b1c3c4ebe5984ffb7f55cb2f70c200a9","Archivo _BACKUP en el árbol activo. No eliminar en Fase 1; validar referencias/historial primero","viptour-buzios/public/qubit/style_BACKUP.css"
